{
  "compile": [
    {
      "tool": "sbt-incremental",
      "mean": 0.14740841992,
      "stddev": 0.021825848748191462,
      "min": 0.12780660622,
      "max": 0.19897379422,
      "median": 0.13986808072
    },
    {
      "tool": "sbt-clean",
      "mean": 1.14933838538,
      "stddev": 0.21240530606624458,
      "min": 0.93760050088,
      "max": 1.5697601268799999,
      "median": 1.07738109838
    }
  ]
}