{
  "clean": [
    {
      "tool": "sbt",
      "mean": 1.71585548752,
      "stddev": 0.3719955802147851,
      "min": 1.23872874892,
      "max": 2.33310418892,
      "median": 1.71714950792
    }
  ],
  "incremental": [
    {
      "tool": "sbt",
      "mean": 0.18097784546,
      "stddev": 0.014760069421187592,
      "min": 0.15570846466000002,
      "max": 0.19931031366000002,
      "median": 0.18303523066000002
    }
  ]
}