{
  "compile": [
    {
      "tool": "sbt-incremental",
      "mean": 0.14990951748000003,
      "stddev": 0.011122589289329951,
      "min": 0.13358521788000002,
      "max": 0.16823780088,
      "median": 0.14815268488
    },
    {
      "tool": "sbt-clean",
      "mean": 1.1246662673599999,
      "stddev": 0.23029057902560784,
      "min": 0.84839266206,
      "max": 1.50010119506,
      "median": 1.09064922156
    }
  ]
}