{
  "compile": [
    {
      "tool": "sbt-incremental",
      "mean": 0.1409156605,
      "stddev": 0.00933210009403099,
      "min": 0.1270631021,
      "max": 0.1590721371,
      "median": 0.1395010931
    },
    {
      "tool": "sbt-clean",
      "mean": 1.11674554816,
      "stddev": 0.16030264839110908,
      "min": 0.84380111816,
      "max": 1.36093412316,
      "median": 1.1338801596599999
    }
  ]
}