{
  "compile": [
    {
      "tool": "mill-incremental",
      "mean": 0.18129425894,
      "stddev": 0.03410044854482961,
      "min": 0.12359168504000001,
      "max": 0.21989032404,
      "median": 0.17113791904
    },
    {
      "tool": "mill-clean",
      "mean": 5.897162366000002,
      "stddev": 0.30146587038931094,
      "min": 5.5827601214,
      "max": 6.4786243684,
      "median": 5.7805914839
    },
    {
      "tool": "maven-incremental",
      "mean": 6.121662457379999,
      "stddev": 0.20249164855594895,
      "min": 5.74688322088,
      "max": 6.30411155588,
      "median": 6.21595580238
    },
    {
      "tool": "maven-clean",
      "mean": 6.18169459426,
      "stddev": 0.1413020010610162,
      "min": 5.997646689660001,
      "max": 6.437351334660001,
      "median": 6.13349426416
    }
  ]
}